,Name,Value,Prop,ID
114,Aaron Gordon,0.5,3-PT Made,203932.0
137,Aaron Gordon,20.5,Pts+Rebs,203932.0
95,Aaron Gordon,22.5,Pts+Rebs+Asts,203932.0
184,Aaron Gordon,16.5,Pts+Asts,203932.0
33,Aaron Gordon,14.0,Points,203932.0
62,Aaron Gordon,6.0,Rebounds,203932.0
200,Aaron Gordon,8.5,Rebs+Asts,203932.0
164,Al Horford,2.0,Personal Fouls,201143.0
175,Al Horford,11.5,Pts+Asts,201143.0
42,Al Horford,6.0,Rebounds,201143.0
125,Al Horford,14.5,Pts+Rebs,201143.0
192,Al Horford,9.5,Rebs+Asts,201143.0
154,Al Horford,6.5,FG Attempted,201143.0
10,Al Horford,7.5,Points,201143.0
41,Bogdan Bogdanovic,2.5,Rebounds,203992.0
9,Bogdan Bogdanovic,11.5,Points,203992.0
124,Bogdan Bogdanovic,14.5,Pts+Rebs,203992.0
153,Bogdan Bogdanovic,8.5,FG Attempted,203992.0
174,Bogdan Bogdanovic,13.5,Pts+Asts,203992.0
207,Bogdan Bogdanovic,0.5,Free Throws Made,203992.0
32,Chris Paul,14.0,Points,101108.0
94,Chris Paul,27.5,Pts+Rebs+Asts,101108.0
183,Chris Paul,23.5,Pts+Asts,101108.0
61,Chris Paul,4.5,Rebounds,101108.0
136,Chris Paul,18.5,Pts+Rebs,101108.0
113,Chris Paul,1.5,3-PT Made,101108.0
78,Chris Paul,9.0,Assists,101108.0
227,Chris Paul,1.5,Steals,101108.0
199,Chris Paul,13.5,Rebs+Asts,101108.0
86,Clint Capela,19.5,Pts+Rebs+Asts,203991.0
103,Clint Capela,24.5,Fantasy Score,203991.0
211,Clint Capela,1.5,Blks+Stls,203991.0
40,Clint Capela,9.0,Rebounds,203991.0
142,Clint Capela,2.0,Dunks,203991.0
122,Clint Capela,18.5,Pts+Rebs,203991.0
152,Clint Capela,6.5,FG Attempted,203991.0
221,Clint Capela,0.5,Steals,203991.0
163,Clint Capela,2.0,Personal Fouls,203991.0
7,Clint Capela,9.5,Points,203991.0
204,Clint Capela,0.5,Free Throws Made,203991.0
20,Clint Capela + Dejounte Murray,30.5,Points,
51,Clint Capela + Dejounte Murray,15.5,Rebounds,
54,Clint Capela + Robert Williams III,17.5,Rebounds,
25,Clint Capela + Robert Williams III,17.5,Points,
150,De'Andre Hunter,13.0,FG Attempted,1629631.0
141,De'Andre Hunter,0.5,Dunks,1629631.0
171,De'Andre Hunter,15.5,Pts+Asts,1629631.0
84,De'Andre Hunter,20.5,Pts+Rebs+Asts,1629631.0
39,De'Andre Hunter,5.0,Rebounds,1629631.0
5,De'Andre Hunter,14.5,Points,1629631.0
120,De'Andre Hunter,19.5,Pts+Rebs,1629631.0
219,De'Andre Hunter,0.5,Steals,1629631.0
101,De'Andre Hunter,23.5,Fantasy Score,1629631.0
134,Deandre Ayton,25.5,Pts+Rebs,1629028.0
225,Deandre Ayton,0.5,Steals,1629028.0
181,Deandre Ayton,16.5,Pts+Asts,1629028.0
30,Deandre Ayton,15.5,Points,1629028.0
198,Deandre Ayton,10.5,Rebs+Asts,1629028.0
59,Deandre Ayton,9.5,Rebounds,1629028.0
92,Deandre Ayton,26.5,Pts+Rebs+Asts,1629028.0
217,Deandre Ayton,0.5,Blocked Shots,1629028.0
148,Dejounte Murray,20.5,FG Attempted,1627749.0
82,Dejounte Murray,33.5,Pts+Rebs+Asts,1627749.0
118,Dejounte Murray,27.5,Pts+Rebs,1627749.0
169,Dejounte Murray,27.5,Pts+Asts,1627749.0
160,Dejounte Murray,1.5,Personal Fouls,1627749.0
3,Dejounte Murray,21.5,Points,1627749.0
203,Dejounte Murray,2.0,Free Throws Made,1627749.0
64,Dejounte Murray,5.5,Assists,1627749.0
37,Dejounte Murray,6.0,Rebounds,1627749.0
99,Dejounte Murray,39.5,Fantasy Score,1627749.0
189,Dejounte Murray,11.5,Rebs+Asts,1627749.0
70,Dejounte Murray + Jaylen Brown,8.5,Assists,
21,Dejounte Murray + Jaylen Brown,48.5,Points,
52,Dejounte Murray + Jaylen Brown,12.5,Rebounds,
72,Dejounte Murray + Jayson Tatum,10.0,Assists,
23,Dejounte Murray + Jayson Tatum,52.5,Points,
53,Dejounte Murray + Jayson Tatum,15.5,Rebounds,
161,Derrick White,2.0,Personal Fouls,1628401.0
4,Derrick White,15.5,Points,1628401.0
218,Derrick White,0.5,Steals,1628401.0
205,Derrick White,1.5,Free Throws Made,1628401.0
119,Derrick White,19.5,Pts+Rebs,1628401.0
190,Derrick White,8.5,Rebs+Asts,1628401.0
100,Derrick White,30.5,Fantasy Score,1628401.0
149,Derrick White,12.5,FG Attempted,1628401.0
38,Derrick White,4.0,Rebounds,1628401.0
170,Derrick White,19.5,Pts+Asts,1628401.0
83,Derrick White,23.5,Pts+Rebs+Asts,1628401.0
194,Devin Booker,10.5,Rebs+Asts,1626164.0
26,Devin Booker,30.5,Points,1626164.0
88,Devin Booker,40.5,Pts+Rebs+Asts,1626164.0
130,Devin Booker,35.5,Pts+Rebs,1626164.0
55,Devin Booker,5.0,Rebounds,1626164.0
177,Devin Booker,35.5,Pts+Asts,1626164.0
224,Devin Booker,1.5,Steals,1626164.0
111,Devin Booker,2.5,3-PT Made,1626164.0
74,Devin Booker,6.0,Assists,1626164.0
133,Jamal Murray,27.5,Pts+Rebs,1627750.0
180,Jamal Murray,29.5,Pts+Asts,1627750.0
197,Jamal Murray,10.5,Rebs+Asts,1627750.0
229,Jamal Murray,2.5,Turnovers,1627750.0
91,Jamal Murray,33.5,Pts+Rebs+Asts,1627750.0
77,Jamal Murray,6.0,Assists,1627750.0
29,Jamal Murray,22.5,Points,1627750.0
58,Jamal Murray,4.0,Rebounds,1627750.0
36,Jaylen Brown,6.0,Rebounds,1627759.0
81,Jaylen Brown,36.5,Pts+Rebs+Asts,1627759.0
117,Jaylen Brown,32.5,Pts+Rebs,1627759.0
98,Jaylen Brown,41.5,Fantasy Score,1627759.0
188,Jaylen Brown,9.5,Rebs+Asts,1627759.0
159,Jaylen Brown,3.0,Personal Fouls,1627759.0
210,Jaylen Brown,1.5,Blks+Stls,1627759.0
147,Jaylen Brown,20.5,FG Attempted,1627759.0
105,Jaylen Brown,2.5,3-PT Made,1627759.0
2,Jaylen Brown,26.5,Points,1627759.0
140,Jaylen Brown,1.0,Dunks,1627759.0
168,Jaylen Brown,30.5,Pts+Asts,1627759.0
157,Jayson Tatum,2.0,Personal Fouls,1628369.0
79,Jayson Tatum,44.5,Pts+Rebs+Asts,1628369.0
166,Jayson Tatum,34.5,Pts+Asts,1628369.0
145,Jayson Tatum,22.5,FG Attempted,1628369.0
0,Jayson Tatum,30.5,Points,1628369.0
139,Jayson Tatum,1.5,Dunks,1628369.0
35,Jayson Tatum,9.5,Rebounds,1628369.0
186,Jayson Tatum,14.5,Rebs+Asts,1628369.0
115,Jayson Tatum,40.5,Pts+Rebs,1628369.0
202,Jayson Tatum,6.0,Free Throws Made,1628369.0
96,Jayson Tatum,50.0,Fantasy Score,1628369.0
214,Jayson Tatum,0.5,Blocked Shots,1628369.0
107,Jayson Tatum + Jaylen Brown,6.0,3-PT Made,
67,Jayson Tatum + Jaylen Brown,7.5,Assists,
47,Jayson Tatum + Jaylen Brown,16.0,Rebounds,
15,Jayson Tatum + Jaylen Brown,57.5,Points,
43,John Collins,5.0,Rebounds,1628381.0
215,John Collins,0.5,Blocked Shots,1628381.0
11,John Collins,11.0,Points,1628381.0
143,John Collins,0.5,Dunks,1628381.0
176,John Collins,12.5,Pts+Asts,1628381.0
155,John Collins,9.0,FG Attempted,1628381.0
165,John Collins,2.5,Personal Fouls,1628381.0
126,John Collins,15.5,Pts+Rebs,1628381.0
138,Kentavious Caldwell-Pope,12.5,Pts+Rebs,203484.0
34,Kentavious Caldwell-Pope,9.5,Points,203484.0
213,Kentavious Caldwell-Pope,1.5,Blks+Stls,203484.0
185,Kentavious Caldwell-Pope,11.5,Pts+Asts,203484.0
28,Kevin Durant,27.5,Points,201142.0
132,Kevin Durant,34.5,Pts+Rebs,201142.0
196,Kevin Durant,12.5,Rebs+Asts,201142.0
57,Kevin Durant,7.0,Rebounds,201142.0
76,Kevin Durant,5.0,Assists,201142.0
90,Kevin Durant,40.5,Pts+Rebs+Asts,201142.0
179,Kevin Durant,32.5,Pts+Asts,201142.0
104,Malcolm Brogdon,24.5,Fantasy Score,1627763.0
106,Malcolm Brogdon,1.5,3-PT Made,1627763.0
8,Malcolm Brogdon,13.5,Points,1627763.0
66,Malcolm Brogdon,3.5,Assists,1627763.0
222,Malcolm Brogdon,0.5,Steals,1627763.0
173,Malcolm Brogdon,16.5,Pts+Asts,1627763.0
87,Malcolm Brogdon,20.5,Pts+Rebs+Asts,1627763.0
123,Malcolm Brogdon,16.5,Pts+Rebs,1627763.0
172,Marcus Smart,17.5,Pts+Asts,203935.0
220,Marcus Smart,1.5,Steals,203935.0
191,Marcus Smart,9.0,Rebs+Asts,203935.0
85,Marcus Smart,21.0,Pts+Rebs+Asts,203935.0
121,Marcus Smart,15.5,Pts+Rebs,203935.0
6,Marcus Smart,12.0,Points,203935.0
102,Marcus Smart,27.5,Fantasy Score,203935.0
151,Marcus Smart,11.0,FG Attempted,203935.0
65,Marcus Smart,5.5,Assists,203935.0
162,Marcus Smart,2.5,Personal Fouls,203935.0
49,Marcus Smart + Jayson Tatum,13.0,Rebounds,
17,Marcus Smart + Jayson Tatum,43.5,Points,
69,Marcus Smart + Jayson Tatum,10.0,Assists,
226,Michael Porter Jr.,0.5,Steals,1629008.0
93,Michael Porter Jr.,24.5,Pts+Rebs+Asts,1629008.0
112,Michael Porter Jr.,2.5,3-PT Made,1629008.0
31,Michael Porter Jr.,16.5,Points,1629008.0
135,Michael Porter Jr.,23.5,Pts+Rebs,1629008.0
182,Michael Porter Jr.,18.5,Pts+Asts,1629008.0
60,Michael Porter Jr.,6.0,Rebounds,1629008.0
228,Nikola Jokic,3.5,Turnovers,203999.0
75,Nikola Jokic,9.0,Assists,203999.0
56,Nikola Jokic,12.5,Rebounds,203999.0
131,Nikola Jokic,37.5,Pts+Rebs,203999.0
178,Nikola Jokic,34.5,Pts+Asts,203999.0
27,Nikola Jokic,25.5,Points,203999.0
216,Nikola Jokic,0.5,Blocked Shots,203999.0
89,Nikola Jokic,46.5,Pts+Rebs+Asts,203999.0
195,Nikola Jokic,21.5,Rebs+Asts,203999.0
45,Onyeka Okongwu,5.0,Rebounds,1630168.0
128,Onyeka Okongwu,13.0,Pts+Rebs,1630168.0
13,Onyeka Okongwu,7.5,Points,1630168.0
144,Robert Williams III,2.0,Dunks,1629057.0
223,Robert Williams III,0.5,Steals,1629057.0
208,Robert Williams III,0.5,Free Throws Made,1629057.0
12,Robert Williams III,8.0,Points,1629057.0
127,Robert Williams III,16.5,Pts+Rebs,1629057.0
44,Robert Williams III,8.0,Rebounds,1629057.0
156,Robert Williams III,5.5,FG Attempted,1629057.0
193,Robert Williams III,9.5,Rebs+Asts,1629057.0
19,Robert Williams III + Al Horford,16.5,Points,
50,Robert Williams III + Al Horford,15.0,Rebounds,
212,Saddiq Bey,0.5,Blks+Stls,1630180.0
46,Saddiq Bey,4.0,Rebounds,1630180.0
129,Saddiq Bey,12.5,Pts+Rebs,1630180.0
206,Saddiq Bey,0.5,Free Throws Made,1630180.0
14,Saddiq Bey,8.5,Points,1630180.0
97,Trae Young,46.5,Fantasy Score,1629027.0
146,Trae Young,23.5,FG Attempted,1629027.0
158,Trae Young,1.5,Personal Fouls,1629027.0
80,Trae Young,40.5,Pts+Rebs+Asts,1629027.0
167,Trae Young,37.5,Pts+Asts,1629027.0
209,Trae Young,1.5,Blks+Stls,1629027.0
116,Trae Young,31.5,Pts+Rebs,1629027.0
187,Trae Young,12.5,Rebs+Asts,1629027.0
63,Trae Young,9.0,Assists,1629027.0
201,Trae Young,6.5,Free Throws Made,1629027.0
1,Trae Young,28.0,Points,1629027.0
18,Trae Young + Bogdan Bogdanovic,39.5,Points,
109,Trae Young + Bogdan Bogdanovic,5.0,3-PT Made,
68,Trae Young + Dejounte Murray,14.5,Assists,
108,Trae Young + Dejounte Murray,5.0,3-PT Made,
16,Trae Young + Dejounte Murray,49.5,Points,
48,Trae Young + Dejounte Murray,9.0,Rebounds,
110,Trae Young + Jayson Tatum,5.5,3-PT Made,
71,Trae Young + Jayson Tatum,13.5,Assists,
22,Trae Young + Jayson Tatum,58.5,Points,
24,Trae Young + Marcus Smart,40.5,Points,
73,Trae Young + Marcus Smart,14.5,Assists,
